toan.bui+21001@supremetech.vn,12345678
toan.bui+23001@supremetech.vn,12345678
toan.bui+24001@supremetech.vn,12345678
toan.bui+25001@supremetech.vn,12345678
toan.bui+26001@supremetech.vn,12345678
toan.bui+29001@supremetech.vn,12345678
toan.bui+30001@supremetech.vn,12345678
toan.bui+3001@supremetech.vn,12345678
toan.bui+32001@supremetech.vn,12345678
toan.bui+33001@supremetech.vn,12345678
toan.bui+34001@supremetech.vn,12345678
toan.bui+35001@supremetech.vn,12345678
toan.bui+36001@supremetech.vn,12345678
toan.bui+37001@supremetech.vn,12345678
toan.bui+38001@supremetech.vn,12345678
toan.bui+39001@supremetech.vn,12345678
toan.bui+40001@supremetech.vn,12345678
toan.bui+4001@supremetech.vn,12345678
toan.bui+41001@supremetech.vn,12345678
toan.bui+42001@supremetech.vn,12345678
toan.bui+43001@supremetech.vn,12345678
toan.bui+44001@supremetech.vn,12345678
toan.bui+45001@supremetech.vn,12345678
toan.bui+46001@supremetech.vn,12345678
toan.bui+47001@supremetech.vn,12345678
toan.bui+48001@supremetech.vn,12345678
toan.bui+49001@supremetech.vn,12345678
toan.bui+50001@supremetech.vn,12345678
toan.bui+5001@supremetech.vn,12345678
toan.bui+51001@supremetech.vn,12345678
toan.bui+52001@supremetech.vn,12345678
toan.bui+53001@supremetech.vn,12345678
toan.bui+54001@supremetech.vn,12345678
toan.bui+55001@supremetech.vn,12345678
toan.bui+56001@supremetech.vn,12345678
toan.bui+57001@supremetech.vn,12345678
toan.bui+58001@supremetech.vn,12345678
toan.bui+59001@supremetech.vn,12345678
toan.bui+60001@supremetech.vn,12345678
toan.bui+6001@supremetech.vn,12345678
toan.bui+61001@supremetech.vn,12345678
toan.bui+62001@supremetech.vn,12345678
toan.bui+63001@supremetech.vn,12345678
toan.bui+64001@supremetech.vn,12345678
toan.bui+65001@supremetech.vn,12345678
toan.bui+66001@supremetech.vn,12345678
toan.bui+67001@supremetech.vn,12345678
toan.bui+68001@supremetech.vn,12345678
toan.bui+69001@supremetech.vn,12345678
toan.bui+70001@supremetech.vn,12345678
toan.bui+7001@supremetech.vn,12345678
toan.bui+71001@supremetech.vn,12345678
toan.bui+72001@supremetech.vn,12345678
toan.bui+73001@supremetech.vn,12345678
toan.bui+74001@supremetech.vn,12345678
toan.bui+75001@supremetech.vn,12345678
toan.bui+76001@supremetech.vn,12345678
toan.bui+77001@supremetech.vn,12345678
toan.bui+78001@supremetech.vn,12345678
toan.bui+79001@supremetech.vn,12345678
toan.bui+80001@supremetech.vn,12345678
toan.bui+8001@supremetech.vn,12345678
toan.bui+81001@supremetech.vn,12345678
toan.bui+82001@supremetech.vn,12345678
toan.bui+83001@supremetech.vn,12345678
toan.bui+84001@supremetech.vn,12345678
toan.bui+85001@supremetech.vn,12345678
toan.bui+86001@supremetech.vn,12345678
toan.bui+87001@supremetech.vn,12345678
toan.bui+88001@supremetech.vn,12345678
toan.bui+89001@supremetech.vn,12345678
toan.bui+90001@supremetech.vn,12345678
toan.bui+9001@supremetech.vn,12345678
toan.bui+91001@supremetech.vn,12345678
toan.bui+92001@supremetech.vn,12345678
toan.bui+93001@supremetech.vn,12345678
toan.bui+94001@supremetech.vn,12345678
toan.bui+95001@supremetech.vn,12345678
toan.bui+96001@supremetech.vn,12345678
toan.bui+97001@supremetech.vn,12345678